Divisao;Unidade;Código Cliente;Projeto Financeiro;Mês base
K03X;X125;45234;;01/08/2015
K73X;AB04;299671;;01/08/2015
L902;D17;222526;;01/08/2015
K272;R22;229167;;01/08/2015
L84X;A311;179126;;01/08/2015
M052;AH02;241430;;01/08/2015
K382;AD06;229451;;01/08/2015
M162;H01;252854;;01/08/2015
M512;R131;283034;;01/08/2015
M512;R132;283034;;01/08/2015
K73X;C25;196664;;01/08/2015
K272;R24;228649;;01/08/2015
K342;D205;215757;;01/08/2015
M722;F03;278123;;01/08/2015
L902;J22;221669;;01/08/2015
L36X;V12;221423;;01/08/2015
L36X;AE06;242487;;01/08/2015
L25X;H203;158505;;01/08/2015
L902;F20;221381;;01/08/2015
K272;S20;228461;;01/09/2015
M012;B307;221399;;01/09/2015
L902;J21;220646;;01/09/2015
L902;G05;220762;;01/09/2015
M722;K01;292010;;01/09/2015
L84X;A1213;204895;;01/09/2015
K59X;G203;166521;;01/09/2015
M052;AY09;250313;;01/09/2015
M052;AW12;250313;;01/09/2015
L33X;4L14;167733;;01/09/2015
L902;E11;221652;;01/09/2015
L902;J23;221652;;01/09/2015
L01X;3U16;291024;;01/09/2015
KA02;V119;300418;;01/09/2015
L36X;AC07;242198;;01/09/2015
L902;J30;220884;;01/09/2015
L902;G28;305571;;01/09/2015
L902;C05;220860;;01/09/2015
M722;R06;279771;;01/09/2015
L74X;L16;180639;;01/09/2015
L74X;L15;180639;;01/09/2015
K76X;B307;268829;;01/09/2015
L32X;C126;36347;;01/09/2015
L902;A14;221341;;01/09/2015
L902;J25;256906;;01/09/2015
K342;H111;215895;;01/09/2015
L902;J06;221248;;01/09/2015
L32X;B1025;262733;;01/09/2015
L36X;B08;299187;;01/09/2015
K12X;2X04;291248;;01/09/2015
K672;X19;257644;;01/09/2015
M722;J02;286708;;01/09/2015
M412;U06;252524;;01/10/2015
K73X;AA05;293113;;01/10/2015
L84X;A826;274615;;01/10/2015
L36X;S09;206861;;01/10/2015
M052;AO03;236980;;01/10/2015
M052;AA08;236980;;01/10/2015
L36X;AB04;221471;;01/11/2015
L25X;P212;295264;;01/11/2015
L36X;I06;206751;;01/11/2015
L84X;A319;273846;;01/11/2015
KA02;U114;298920;;01/11/2015
KA02;U113;298920;;01/11/2015
K342;O223;215618;;01/11/2015
K342;O224;215618;;01/11/2015
K272;G06;228697;;01/11/2015
M722;T10;285479;;01/11/2015
M722;T09;285479;;01/11/2015
L25X;I204;274135;;01/12/2015
M612;AG108;271022;;01/12/2015
K272;E09;228762;;01/12/2015
M712;P102;277950;;01/12/2015
M712;P103;277950;;01/12/2015
K342;S202;223149;;01/01/2016
K342;S203;223149;;01/01/2016
K272;Z03;229172;;01/01/2016
L74X;V41;181195;;01/01/2016
L84X;A1309;280561;;01/01/2016
L74X;Z06;314646;;01/01/2016
M162;T04;253146;;01/01/2016
L84X;A917;177122;;01/01/2016
K12X;2AF12;302904;;01/01/2016
L32X;B1701;288813;;01/01/2016
K12X;2K04;301656;;01/01/2016
K342;C204;303116;;01/01/2016
L36X;M24;207091;;01/01/2016
L36X;AF02;222194;;01/01/2016
L36X;I05;206739;;01/01/2016
L36X;S05;209955;;01/01/2016
K73X;W01;194905;;01/01/2016
L84X;A327;295273;;01/01/2016
K342;H106;266621;;01/01/2016
K73X;K16;262925;;01/02/2016
K12X;2N04;297741;;01/02/2016
M612;J120;296160;;01/02/2016
KA02;H139;298712;;01/02/2016
L36X;AE04;268859;;01/02/2016
KA02;E116;299030;;01/02/2016
L74X;P06;277894;;01/02/2016
M162;M01;249875;;01/02/2016
M162;X03;249875;;01/02/2016
L84X;A1326;35790;;01/02/2016
K342;H204;281735;;01/02/2016
L33X;4L01;292889;;01/02/2016
M052;AD32;239371;;01/02/2016
L58X;S03;206380;;01/02/2016
M162;A08;250808;;01/02/2016
L74X;Z27;288085;;01/02/2016
L74X;Z28;288085;;01/02/2016
K342;H215;256968;;01/02/2016
K342;D212;316456;;01/02/2016
L74X;Y36;180792;;01/02/2016
M562;U130;300106;;01/02/2016
L902;L16;274389;;01/02/2016
L36X;P14;207047;;01/02/2016
M162;N08;249985;;01/02/2016
L74X;M01;181354;;01/02/2016
L36X;H19;206693;;01/02/2016
M512;B104;282625;;01/03/2016
M512;V106;282625;;01/03/2016
M162;K06;249883;;01/03/2016
K272;B07;229507;;01/03/2016
K59X;H204;301367;;01/03/2016
M162;T05;253360;;01/03/2016
K672;L08;252625;;01/03/2016
K672;K21;252625;;01/03/2016
L74X;N27;181609;;01/03/2016
M162;U21;250395;;01/03/2016
K76X;H302;274523;;01/03/2016
L74X;M46;224332;;01/03/2016
L74X;M47;224332;;01/03/2016
KA02;H101;298101;;01/03/2016
K272;G09;228560;;01/03/2016
K272;T08;244113;;01/03/2016
M712;X115;281005;;01/03/2016
K272;B08;229237;;01/03/2016
K272;D01;228931;;01/03/2016
M622;M09;297282;;01/03/2016
M252;Q1342;305100;;01/03/2016
L74X;N19;301679;;01/03/2016
L32X;C109;177953;;01/03/2016
L25X;Q205;274505;;01/03/2016
K73X;A10;194601;;01/03/2016
M052;AL01;236575;;01/03/2016
L36X;F20;206869;;01/03/2016
K73X;X15;241400;;01/03/2016
M712;T108;272657;;01/03/2016
L36X;AD07;242646;;01/03/2016
L36X;AA01;242646;;01/03/2016
L36X;T04;210001;;01/03/2016
L91X;C36;221507;;01/03/2016
M162;L04;250625;;01/04/2016
M622;O03;316200;;01/04/2016
L36X;E15;307187;;01/04/2016
L25X;I216;285703;;01/04/2016
L25X;P202;274785;;01/04/2016
M722;M10;278299;;01/04/2016
M162;R20;264036;;01/04/2016
L32X;C119;176654;;01/04/2016
L36X;M17;207058;;01/04/2016
KB82;N419;298215;;01/04/2016
L25X;Z216;294055;;01/04/2016
M162;W16;250029;;01/04/2016
M162;W15;250029;;01/04/2016
M722;K04;278172;;01/04/2016
M052;AT18;237012;;01/04/2016
M512;X109;282893;;01/04/2016
M052;BA22;237046;;01/04/2016
M612;B114;270620;;01/04/2016
K73X;AB10;236932;;01/04/2016
L36X;U05;242176;;01/04/2016
M172;E108;264605;;01/04/2016
M612;X106;285183;;01/04/2016
M612;X107;285183;;01/04/2016
L84X;A1001;218101;;01/04/2016
L32X;B710;178387;;01/04/2016
L32X;B631;178387;;01/04/2016
L32X;B632;178387;;01/04/2016
KB82;G409;298294;;01/04/2016
K672;W31;253638;;01/04/2016
K672;W32;253638;;01/04/2016
L36X;X01;234667;;01/04/2016
K342;W210;216214;;01/05/2016
M622;G08;281188;;01/05/2016
K342;W209;216214;;01/05/2016
M252;Q1615;306445;;01/05/2016
M712;EA102;278647;;01/05/2016
K73X;H02;197465;;01/05/2016
M162;S11;252911;;01/05/2016
L58X;X04;227441;;01/05/2016
L25X;I236;292635;;01/05/2016
M712;W108;304115;;01/05/2016
K73X;X18;194575;;01/05/2016
K33X;AA104;176554;;01/05/2016
L84X;A1004;274985;;01/05/2016
L05X;Q08;269868;;01/05/2016
KB82;H409;298319;;01/05/2016
L84X;A224;177002;;01/05/2016
L84X;A225;177002;;01/05/2016
L84X;A1024;177002;;01/05/2016
L84X;A1025;177002;;01/05/2016
L84X;A1026;177002;;01/05/2016
L84X;A1029;177002;;01/05/2016
L32X;B1212;177002;;01/05/2016
L32X;B1213;177002;;01/05/2016
L74X;V03;181665;;01/05/2016
M162;M18;249978;;01/05/2016
KA02;H117;298715;;01/05/2016
KB82;J413;298276;;01/05/2016
L32X;B407;173818;;01/05/2016
KB82;A405;298967;;01/06/2016
K342;C0205;215771;;01/06/2016
L42X;520030;258334;;01/06/2016
L33X;4F06;319105;;01/06/2016
K60X;I204;248336;;01/06/2016
M612;I122;270598;;01/06/2016
M512;F103;282696;;01/06/2016
M172;K118;274525;;01/06/2016
KA02;H118;299843;;01/06/2016
M012;J304;278437;;01/06/2016
M562;U131;300863;;01/06/2016
M512;I115;320056;;01/06/2016
L412;J24;56610;;01/06/2016
M612;D106;271271;;01/06/2016
M612;B109;270064;;01/06/2016
KB82;E403;298908;;01/06/2016
M162;C03;249832;;01/06/2016
KA02;T104;298371;;01/06/2016
M562;O101;300423;;01/06/2016
KB82;F430;303902;;01/06/2016
M012;H317;222495;;01/06/2016
K73X;M04;255268;;01/06/2016
K272;P05;228416;;01/06/2016
KA02;U120;300416;;01/06/2016
M612;Y108;252590;;01/06/2016
M612;Y109;252590;;01/06/2016
K672;T04;252570;;01/06/2016
L33X;4N02;322125;;01/06/2016
K672;K07;317461;;01/06/2016
K12X;2AD02;271849;;01/06/2016
M982;D228;311071;;01/06/2016
L74X;M36;248207;;01/06/2016
L33X;Q1405;230292;;01/06/2016
K73X;I07;194770;;01/06/2016
L36X;Z08;241924;;01/06/2016
L36X;Z09;241924;;01/06/2016
L36X;Z07;241924;;01/06/2016
M612;V111;301315;;01/06/2016
K672;W25;253490;;01/06/2016
L302;G04;238352;;01/06/2016
L36X;T10;221308;;01/06/2016
KA02;H121;259999;;01/06/2016
K98X;D223;254661;;01/06/2016
K672;I32;253479;;01/07/2016
K342;AA204;243225;;01/07/2016
M612;Y119;271441;;01/07/2016
M612;AB115;270540;;01/07/2016
L74X;U04;182969;;01/07/2016
M622;O16;281545;;01/07/2016
K272;C17;228524;;01/07/2016
L992;B15;259325;;01/07/2016
L992;B16;259325;;01/07/2016
M162;C24;253278;;01/07/2016
M462;M01;273625;;01/07/2016
M982;G106;310922;;01/07/2016
K12X;2AH03;290840;;01/07/2016
M982;S213;311023;;01/07/2016
M612;I110;271390;;01/07/2016
K672;M06;253565;;01/07/2016
M462;T07;270928;;01/07/2016
K672;B11;252389;;01/07/2016
L58X;R03;206433;;01/07/2016
L58X;C0303;252593;;01/07/2016
M712;EA109;272617;;01/07/2016
L592;AB03;250842;;01/07/2016
L32X;B1124;176979;;01/07/2016
M462;I18;207394;;01/07/2016
K272;AH06;228695;;01/07/2016
K272;T18;305071;;01/07/2016
M712;C0102;281088;;01/08/2016
M162;S07;252180;;01/08/2016
L25X;P210;260515;;01/08/2016
K272;Z08;293631;;01/08/2016
K242;Z27;306454;;01/08/2016
M162;F07;252783;;01/08/2016
K272;AB19;228472;;01/08/2016
M512;T103;282718;;01/08/2016
M712;A106;272379;;01/08/2016
M722;AC04;279357;;01/08/2016
K73X;X05;195248;;01/08/2016
K272;S19;286315;;01/08/2016
M712;EA123;272446;;01/08/2016
M712;EA124;272446;;01/08/2016
K242;Z29;304654;;01/08/2016
M612;AF115;252296;;01/08/2016
K672;V01;252296;;01/08/2016
K672;F02;252296;;01/08/2016
K672;V36;252296;;01/08/2016
M622;Q25;265815;;01/08/2016
L902;L04;221268;;01/08/2016
L902;M05;18837;;01/08/2016
L902;P09;18837;;01/08/2016
L902;M04;18837;;01/08/2016
L902;P10;18837;;01/08/2016
L902;P11;18837;;01/08/2016
M162;C02;250113;;01/08/2016
L36X;C02;206981;;01/08/2016
K672;K10;305619;;01/08/2016
L33X;Q705;249293;;01/08/2016
L36X;V08;241910;;01/08/2016
M412;T01;252124;;01/08/2016
M412;C02;251577;;01/08/2016
M052;AB05;283116;;01/08/2016
L58X;E13;207394;;01/08/2016
M462;N12;238411;;01/08/2016
M462;N11;238411;;01/08/2016
M512;W117;283610;;01/08/2016
KA02;C112;322026;;01/08/2016
L902;K01;220738;;01/08/2016
M462;M03;271007;;01/08/2016
M462;M02;271007;;01/08/2016
M722;L14;278196;;01/08/2016
M162;B18;251442;;01/08/2016
M162;V13;252784;;01/08/2016
M162;F02;249893;;01/08/2016
M032;N10;260783;;01/08/2016
M032;J19;260783;;01/08/2016
L36X;C21;206981;;01/08/2016
M722;W09;317734;;01/08/2016
L902;J32;221268;;01/08/2016
L84X;A1230;175320;;01/08/2016
M252;Q0701;305179;;01/08/2016
L74X;O30;278632;;01/09/2016
L74X;O29;278632;;01/09/2016
M162;D04;250850;;01/09/2016
L32X;B605;205580;;01/09/2016
L32X;B604;205580;;01/09/2016
L32X;B701;205580;;01/09/2016
L32X;B1036;205580;;01/09/2016
M162;U12;249994;;01/09/2016
M162;T15;250608;;01/09/2016
M162;T16;250608;;01/09/2016
K03X;X103;240761;;01/09/2016
M562;F102;317883;;01/09/2016
M562;F103;317883;;01/09/2016
M612;AB105;270263;;01/09/2016
M562;Q116;300334;;01/09/2016
M562;Q108;300334;;01/09/2016
M562;Q117;300334;;01/09/2016
L902;D32;220669;;01/09/2016
M712;T106;272910;;01/09/2016
M712;AA111;251811;;01/09/2016
M712;AA112;251811;;01/09/2016
M612;AA103;284467;;01/09/2016
K76X;C302;77173;;01/09/2016
M612;E103;178861;;01/09/2016
K59X;A209;178861;;01/09/2016
M622;Q28;285157;;01/09/2016
M512;F113;282842;;01/09/2016
M512;A111;283250;;01/09/2016
M162;V04;252085;;01/09/2016
K242;Y07;304666;;01/09/2016
M722;P10;281630;;01/09/2016
M462;H03;270768;;01/09/2016
L58X;K01;206367;;01/09/2016
M622;R01;266134;;01/09/2016
M162;O13;250716;;01/09/2016
M712;AA104;273509;;01/09/2016
M622;G09;265011;;01/09/2016
M622;G10;265011;;01/09/2016
M722;P14;271123;;01/09/2016
K272;J09;294697;;01/09/2016
K272;U08;229581;;01/09/2016
K73X;K04;168741;;01/09/2016
L74X;V31;180660;;01/09/2016
L36X;Z01;241952;;01/09/2016
M462;K07;274363;;01/09/2016
K342;D202;216524;;01/10/2016
M512;I114;319802;;01/10/2016
M722;AF18;294465;;01/10/2016
M722;AF17;294465;;01/10/2016
KA02;B115;329713;;01/10/2016
M482;R107;287979;;01/10/2016
M512;K131;283333;;01/10/2016
M712;J109;273247;;01/10/2016
M172;J129;291025;;01/10/2016
M512;Z118;307031;;01/10/2016
M512;S105;307058;;01/10/2016
L412;H05;258083;;01/10/2016
M052;AD04;271647;;01/10/2016
M052;AF34;237486;;01/10/2016
KA02;B119;299400;;01/10/2016
M562;X103;312474;;01/10/2016
M562;U126;299276;;01/10/2016
M562;J124;299276;;01/10/2016
M562;H131;299349;;01/10/2016
M252;Q0922;305095;;01/10/2016
K272;R25;228567;;01/10/2016
K272;M01;228818;;01/10/2016
M722;O08;279305;;01/10/2016
M722;N13;289998;;01/10/2016
K672;U26;268850;;01/10/2016
M722;D03;329281;;01/10/2016
M722;E11;284902;;01/10/2016
M722;Q07;49487;;01/10/2016
M722;L02;337838;;01/10/2016
M612;P110;270562;;01/10/2016
M722;N02;293128;;01/10/2016
K382;F06;324492;;01/10/2016
K382;S16;221993;;01/10/2016
L992;S09;232183;;01/10/2016
L36X;Z20;241917;;01/10/2016
L992;M11;209949;;01/10/2016
K98X;L207;242222;;01/10/2016
M012;I306;262894;;01/10/2016
K242;P09;304211;;01/11/2016
M252;Q2021;318990;;01/11/2016
L33X;4C03;318982;;01/11/2016
M622;A01;251797;;01/11/2016
M172;F113;282238;;01/11/2016
KA02;C142;300086;;01/11/2016
K242;AA20;304643;;01/11/2016
K242;X17;304643;;01/11/2016
M712;H111;273231;;01/11/2016
M712;H110;273231;;01/11/2016
M712;AA101;273629;;01/11/2016
M712;AA102;273629;;01/11/2016
M712;X106;273626;;01/11/2016
M712;X107;273626;;01/11/2016
M982;L203;313219;;01/11/2016
L42X;440274;182904;;01/11/2016
M712;F112;273450;;01/11/2016
M032;X11;276250;;01/11/2016
M512;C111;283602;;01/11/2016
M562;H134;299517;;01/11/2016
M712;T118;272769;;01/11/2016
M712;T117;272769;;01/11/2016
M512;G102;303704;;01/11/2016
M982;D104;311193;;01/11/2016
K60X;G220;323246;;01/11/2016
L01X;3Z05;306404;;01/11/2016
L42X;520045;252187;;01/11/2016
K272;D11;229828;;01/11/2016
K272;AD21;229544;;01/11/2016
M722;AD06;279173;;01/11/2016
L902;E20;230806;;01/11/2016
M722;Q11;279458;;01/11/2016
M162;B09;251663;;01/11/2016
M162;V03;250008;;01/11/2016
L902;N06;220627;;01/11/2016
K59X;F211;257557;;01/11/2016
M722;T02;317982;;01/11/2016
M612;I111;271666;;01/11/2016
M612;AF111;270420;;01/11/2016
L36X;F21;206765;;01/11/2016
M462;I11;307685;;01/11/2016
M462;F01;271052;;01/11/2016
L992;N20;300813;;01/11/2016
L992;H05;258878;;01/11/2016
L992;M23;320335;;01/11/2016
L36X;N28;207226;;01/11/2016
M482;F125;287462;;01/11/2016
M482;F124;287462;;01/11/2016
L25X;J208;300065;;01/11/2016
M482;W110;286583;;01/11/2016
M482;H114;329133;;01/11/2016
L992;N03;206287;;01/11/2016
L992;AD11;330411;;01/11/2016
L36X;D12;206607;;01/11/2016
KB82;E410;299574;;01/11/2016
M012;Q307;289217;;01/11/2016
K98X;E226;226542;;01/11/2016
M012;G307;222261;;01/11/2016
M052;AT13;238649;;01/12/2016
L42X;460054;317889;;01/12/2016
L33X;4K05;301290;;01/12/2016
L84X;A932;273997;;01/12/2016
K342;I213;285850;;01/12/2016
KF02;B319;318886;;01/12/2016
KF02;B318;318886;;01/12/2016
M712;EA108;272359;;01/12/2016
K342;C217;214979;;01/12/2016
L42X;310099;300437;;01/12/2016
K342;G202;215924;;01/12/2016
M252;Q1343;305102;;01/12/2016
M712;G123;272883;;01/12/2016
L42X;600137;270021;;01/12/2016
K342;Q214;328402;;01/12/2016
KA02;K151;304866;;01/12/2016
M162;V19;250022;;01/12/2016
K672;S08;291020;;01/12/2016
K672;U08;252365;;01/12/2016
K672;P33;252594;;01/12/2016
K672;I01;252576;;01/12/2016
K672;L16;252576;;01/12/2016
M612;X113;316920;;01/12/2016
M612;Z103;270357;;01/12/2016
M622;P29;326568;;01/12/2016
M722;S13;278152;;01/12/2016
K672;Q11;284602;;01/12/2016
M722;K08;62042;;01/12/2016
K672;Q14;253117;;01/12/2016
M162;A04;252153;;01/12/2016
K672;T12;252392;;01/12/2016
K672;T10;252392;;01/12/2016
K672;H03;252665;;01/12/2016
M612;AC104;275175;;01/12/2016
M622;A05;265111;;01/12/2016
L74X;Y37;181915;;01/12/2016
K382;T02;298887;;01/12/2016
L592;LB10;250665;;01/12/2016
L592;LB11;249734;;01/12/2016
M462;I09;271476;;01/12/2016
M462;K02;270757;;01/12/2016
M012;G315;261635;;01/12/2016
KB82;H401;313760;;01/12/2016
KB82;B423;297931;;01/12/2016
KB82;F431;322223;;01/12/2016
KA02;C113;334317;;01/01/2017
L33X;4L02;301561;;01/01/2017
M172;K204;341375;;01/01/2017
M052;AZ06;238992;;01/01/2017
M052;AK13;312669;;01/01/2017
M512;C116;282658;;01/01/2017
L42X;400096;296733;;01/01/2017
KA02;B118;298154;;01/01/2017
M722;U07;252576;;01/01/2017
K672;L15;252576;;01/01/2017
K672;T27;252302;;01/01/2017
M612;Y120;293648;;01/01/2017
K672;C15;323605;;01/01/2017
M612;AF102;285399;;01/01/2017
M622;P12;264935;;01/01/2017
M162;S02;250016;;01/01/2017
M162;U02;252800;;01/01/2017
M162;B13;323356;;01/01/2017
K672;P34;264747;;01/01/2017
M722;P01;282106;;01/01/2017
M162;G17;250693;;01/01/2017
M722;L20;317622;;01/01/2017
KB82;H416;300675;;01/01/2017
KB82;H430;333829;;01/01/2017
M012;Q303;304276;;01/01/2017
L592;VB07;324053;;01/01/2017
L992;AC14;334570;;01/01/2017
L592;QB07;250775;;01/01/2017
M462;G19;177308;;01/01/2017
M462;G15;271350;;01/01/2017
KA02;D132;299192;;01/02/2017
M052;AK19;236537;;01/02/2017
K342;K109;215478;;01/02/2017
M172;J226;328200;;01/02/2017
KA02;H140;299536;;01/02/2017
M712;M104;318605;;01/02/2017
M712;M105;318605;;01/02/2017
M712;EA101;283196;;01/02/2017
M722;F06;270558;;01/02/2017
M612;K116;270558;;01/02/2017
M612;C0310;290475;;01/02/2017
K672;U15;253187;;01/02/2017
L902;N14;220637;;01/02/2017
M622;H30;311268;;01/02/2017
M162;P03;257105;;01/02/2017
M162;R14;252098;;01/02/2017
M162;K13;289478;;01/02/2017
M162;C12;251452;;01/02/2017
M162;I10;253166;;01/02/2017
M162;I11;253166;;01/02/2017
K73X;U09;302110;;01/02/2017
M462;S19;271283;;01/02/2017
L36X;F13;206817;;01/02/2017
L992;V09;325731;;01/02/2017
L992;M20;311373;;01/02/2017
M012;J307;304259;;01/02/2017
KB82;O409;302899;;01/02/2017
KB82;O408;324807;;01/02/2017
KB82;L405;328055;;01/02/2017
KB82;N439;333836;;01/02/2017
M252;Q1628;308539;;01/03/2017
M252;Q1629;308539;;01/03/2017
M982;B138;311470;;01/03/2017
M512;T116;302090;;01/03/2017
L32X;B1031;191094;;01/03/2017
L42X;320411;321282;;01/03/2017
L42X;320352;321282;;01/03/2017
K59X;H206;181763;;01/03/2017
M612;Y122;269856;;01/03/2017
M622;M07;264941;;01/03/2017
M162;K02;252291;;01/03/2017
M722;AF21;305970;;01/03/2017
M612;Q110;284805;;01/03/2017
M612;L111;269663;;01/03/2017
M612;L112;269663;;01/03/2017
M162;G13;312799;;01/03/2017
M722;J04;330393;;01/03/2017
K672;N24;252270;;01/03/2017
M612;G110;289337;;01/03/2017
M612;G109;289337;;01/03/2017
M612;O108;271325;;01/03/2017
M162;O22;250012;;01/03/2017
M622;C07;307479;;01/03/2017
M162;D05;252686;;01/03/2017
M162;E20;272091;;01/03/2017
M722;I04;299001;;01/03/2017
K59X;J213;163690;;01/03/2017
K59X;J214;163690;;01/03/2017
K672;W30;255188;;01/03/2017
K73X;V05;194706;;01/03/2017
L592;UB12;249744;;01/03/2017
M482;R125;287859;;01/03/2017
L992;U10;339419;;01/03/2017
L992;K07;306065;;01/03/2017
M482;F107;287525;;01/03/2017
L992;N04;258871;;01/03/2017
L592;HB07;250851;;01/03/2017
M462;W06;271753;;01/03/2017
M482;B104;287492;;01/03/2017
M462;V04;270909;;01/03/2017
KB82;B414;343531;;01/03/2017
M012;N305;257327;;01/03/2017
KB82;F436;325156;;01/03/2017
M012;F311;328041;;01/03/2017
M012;C315;320538;;01/03/2017
M982;K111;311928;;01/04/2017
M562;X126;312147;;01/04/2017
M712;E106;272956;;01/04/2017
L01X;3T08;288578;;01/04/2017
M712;U120;332426;;01/04/2017
L84X;A708;227489;;01/04/2017
K07X;C95;45832;;01/04/2017
M562;J112;300452;;01/04/2017
L42X;420088;296740;;01/04/2017
M162;O20;249900;;01/04/2017
M612;AC117;280867;;01/04/2017
M612;AC118;280867;;01/04/2017
M612;Y104;291017;;01/04/2017
M612;B108;300522;;01/04/2017
K672;M04;255185;;01/04/2017
L902;C18;220877;;01/04/2017
M622;N02;316715;;01/04/2017
M722;M09;279337;;01/04/2017
M722;Z01;275128;;01/04/2017
M722;P12;326566;;01/04/2017
M722;AE21;324859;;01/04/2017
M462;R04;275186;;01/04/2017
M482;X108;286558;;01/04/2017
M482;G118;286562;;01/04/2017
M482;T107;286666;;01/04/2017
M462;O36;261207;;01/04/2017
L992;E12;330354;;01/04/2017
L992;D05;300600;;01/04/2017
KB82;M410;300605;;01/04/2017
M562;Z149;313456;;01/05/2017
M052;AS15;236585;;01/05/2017
M052;AS08;236585;;01/05/2017
M052;AS16;236585;;01/05/2017
M052;AS09;236585;;01/05/2017
M052;AW05;236585;;01/05/2017
L42X;420073;296630;;01/05/2017
L84X;A1203;204999;;01/05/2017
KA02;H149;298258;;01/05/2017
M562;Z150;312210;;01/05/2017
KA02;T111;298104;;01/05/2017
M722;AC01;278083;;01/05/2017
K672;U30;256759;;01/05/2017
M612;E127;270400;;01/05/2017
M622;C05;304075;;01/05/2017
M622;D08;316383;;01/05/2017
M612;AE102;284866;;01/05/2017
M612;AE103;284866;;01/05/2017
M162;E09;250076;;01/05/2017
M622;D28;315053;;01/05/2017
M162;W04;252044;;01/05/2017
M162;E10;250076;;01/05/2017
M162;Q10;253339;;01/05/2017
M622;O05;264983;;01/05/2017
K672;X30;257678;;01/05/2017
M612;U113;286772;;01/05/2017
M722;D07;44338;;01/05/2017
K672;X25;258590;;01/05/2017
M622;F18;328261;;01/05/2017
M722;AF19;317608;;01/05/2017
M612;G108;269993;;01/05/2017
K672;H14;253092;;01/05/2017
M162;H08;255463;;01/05/2017
K672;S26;318083;;01/05/2017
M612;Q103;271336;;01/05/2017
M722;C15;284917;;01/05/2017
K272;C02;259853;;01/05/2017
K76X;C305;283005;;01/05/2017
M482;Q104;286552;;01/05/2017
M482;T102;286876;;01/05/2017
L25X;F213;87923;;01/05/2017
M482;C110;288077;;01/05/2017
L992;M14;311336;;01/05/2017
L36X;M18;260347;;01/05/2017
M482;V116;287920;;01/05/2017
M462;G13;271208;;01/05/2017
M462;P03;270744;;01/05/2017
M482;P104;286820;;01/05/2017
M482;L102;286540;;01/05/2017
L592;VB05;250571;;01/05/2017
M482;S107;288239;;01/05/2017
M482;N103;286861;;01/05/2017
L992;K06;321775;;01/05/2017
L25X;V215;82530;;01/05/2017
L592;FB12;253415;;01/05/2017
L992;N12;259176;;01/05/2017
K76X;Q304;255133;;01/05/2017
L36X;AB07;259318;;01/05/2017
L592;JB17;255175;;01/05/2017
L992;G18;281623;;01/05/2017
L592;QB06;251560;;01/05/2017
M482;G110;287467;;01/05/2017
M462;O18;271046;;01/05/2017
KB82;L407;298324;;01/05/2017
KB82;G413;329144;;01/05/2017
KB82;F402;337322;;01/05/2017
KB82;C404;320642;;01/05/2017
KB82;K415;298343;;01/05/2017
KB82;L404;329157;;01/05/2017
KB82;N412;298254;;01/05/2017
KB82;N424;298254;;01/05/2017
KB82;E418;317211;;01/05/2017
KA02;V116;299893;;01/06/2017
M052;AN16;236682;;01/06/2017
M512;W105;282953;;01/06/2017
M512;W106;282953;;01/06/2017
M512;I105;304036;;01/06/2017
KA02;D148;299384;;01/06/2017
K342;H120;345420;;01/06/2017
M712;G109;273226;;01/06/2017
L33X;4L05;302414;;01/06/2017
M712;C102;286770;;01/06/2017
M622;D04;264923;;01/06/2017
K272;C03;344863;;01/06/2017
M162;G16;250852;;01/06/2017
M722;S06;278144;;01/06/2017
M722;C10;332131;;01/06/2017
M162;A07;319040;;01/06/2017
M722;R06;327835;;01/06/2017
M162;K25;250467;;01/06/2017
M722;K12;229965;;01/06/2017
M612;AE111;291069;;01/06/2017
M612;H109;285861;;01/06/2017
M162;N13;317761;;01/06/2017
M482;E112;286655;;01/06/2017
M482;V117;287975;;01/06/2017
M482;V118;287975;;01/06/2017
M482;B111;305040;;01/06/2017
L25X;I275;159940;;01/06/2017
L25X;I268;292110;;01/06/2017
L992;AD08;311203;;01/06/2017
L992;AA23;339357;;01/06/2017
M482;Q101;288206;;01/06/2017
M462;J08;338176;;01/06/2017
L992;Y08;258848;;01/06/2017
M482;G102;286866;;01/06/2017
L592;FB01;253283;;01/06/2017
L992;AB07;279041;;01/06/2017
L58X;P21;206146;;01/06/2017
M482;H113;288206;;01/06/2017
M482;T108;288206;;01/06/2017
M482;B112;288206;;01/06/2017
KB82;K416;335469;;01/06/2017
KB82;K408;316680;;01/06/2017
KB82;K407;316680;;01/06/2017
M012;A306;221190;;01/06/2017
KB82;D428;328103;;01/06/2017
KB82;O426;340383;;01/06/2017
M512;I118;326526;;01/07/2017
M562;Z121;312480;;01/07/2017
L186;AB04;306906;;01/07/2017
M162;L03;291075;;01/07/2017
M982;U202;310982;;01/07/2017
M162;N22;249992;;01/07/2017
M712;U102;324545;;01/07/2017
L992;C17;328202;;01/07/2017
M482;T114;286881;;01/07/2017
L36X;I03;269530;;01/07/2017
M482;G108;287465;;01/07/2017
L992;C0104;259171;;01/07/2017
M462;U07;270902;;01/07/2017
L992;Z10;285674;;01/07/2017
M482;R116;286714;;01/07/2017
K76X;B306;274616;;01/07/2017
L25X;Q220;208927;;01/07/2017
L25X;Q201;208927;;01/07/2017
M462;K04;271692;;01/07/2017
M722;B10;294254;;01/08/2017
K672;U35;253263;;01/08/2017
K672;U34;253263;;01/08/2017
K672;T24;253263;;01/08/2017
M562;U128;334608;;01/08/2017
M162;X05;293039;;01/08/2017
M622;K14;337805;;01/08/2017
M622;K13;337805;;01/08/2017
M612;E111;270546;;01/08/2017
KA02;C117;322095;;01/08/2017
M512;F101;283645;;01/08/2017
M622;B11;252845;;01/08/2017
M722;G19;278707;;01/08/2017
M032;AD31;276304;;01/08/2017
M722;AB09;279322;;01/08/2017
M722;F03;320330;;01/08/2017
M052;AK29;236910;;01/08/2017
M052;AK30;236909;;01/08/2017
M052;BA12;236909;;01/08/2017
KB82;M405;318769;;01/08/2017
KB82;B412;298250;;01/08/2017
L992;AB08;337226;;01/08/2017
M462;J03;270863;;01/08/2017
L992;S04;313840;;01/08/2017
L25X;F217;184931;;01/08/2017
M482;C119;287312;;01/08/2017
M482;O104;287561;;01/08/2017
L992;G19;281254;;01/08/2017
K76X;G324;75273;;01/08/2017
L992;K14;336526;;01/08/2017
L992;K08;331185;;01/08/2017
M722;O10;278168;;01/09/2017
M712;O109;332021;;01/09/2017
L32X;B1117;236743;;01/09/2017
M722;T09;344145;;01/09/2017
M252;Q1831;305568;;01/09/2017
M722;Q03;279766;;01/09/2017
M162;K04;285181;;01/09/2017
M512;O101;316882;;01/09/2017
M512;O131;316882;;01/09/2017
L74X;W32;285812;;01/09/2017
L992;P20;271530;;01/09/2017
L36X;O09;210280;;01/09/2017
M482;W111;286585;;01/09/2017
L992;M15;344635;;01/09/2017
M622;D11;315952;;01/10/2017
M622;D10;315952;;01/10/2017
M462;K12;271358;;01/10/2017
M462;S10;271358;;01/10/2017
K12X;2V02;291575;;01/10/2017
KB82;D425;298252;;01/10/2017
M722;B06;304033;;01/10/2017
M252;Q1619;335844;;01/10/2017
M612;P103;330700;;01/10/2017
M612;R107;270046;;01/10/2017
M712;I105;302107;;01/10/2017
M982;P106;313446;;01/10/2017
M722;R09;345328;;01/10/2017
M562;W110;299353;;01/10/2017
M722;E01;284440;;01/10/2017
M612;AC103;275409;;01/10/2017
K382;T03;315358;;01/10/2017
KB82;H427;344810;;01/10/2017
M722;A12;285029;;01/10/2017
L74X;Z41;255425;;01/11/2017
M052;AS07;323173;;01/11/2017
M032;Q26;261523;;01/11/2017
KA02;S103;298438;;01/11/2017
M562;P103;299856;;01/11/2017
K73X;Q05;307188;;01/11/2017
KA02;D106;304112;;01/11/2017
M252;Q0716;328079;;01/11/2017
K272;Z06;229058;;01/12/2017
M722;Q08;293718;;01/12/2017
M012;G307;346985;;01/12/2017
KA02;H108;298120;;01/12/2017
K03X;R109;52985;;01/12/2017
M982;G107;311909;;01/01/2018
M982;G108;311909;;01/01/2018
M982;Q204;311504;;01/01/2018
M512;U109;283293;;01/01/2018
M982;U211;311280;;01/01/2018
KA02;C139;298363;;01/01/2018
M562;O121;324046;;01/01/2018
M712;AA106;273202;;01/01/2018
M512;P116;343538;;01/01/2018
M982;B223;310678;;01/01/2018
L992;S02;313840;;01/01/2018
L992;S03;313840;;01/01/2018
KA02;K110;322598;;01/01/2018
K672;Z02;136161;;01/02/2018
L992;R01;312543;;01/02/2018
M982;F125;310779;;01/02/2018
M622;E05;298066;;01/02/2018
M252;Q1203;308515;;01/02/2018
M482;L104;341678;;01/02/2018
M252;Q0506;344696;;01/02/2018
M722;AE20;317603;;01/02/2018
M982;Y221;314313;;01/02/2018
KB82;H425;298268;;01/02/2018
KF02;D326;321436;;01/02/2018
M562;I112;333915;;01/02/2018
M512;Y118;283396;;01/02/2018
M982;Q105;311494;;01/02/2018
M562;K106;300643;;01/02/2018
M982;D221;311510;;01/02/2018
KB82;G424;298610;;01/03/2018
M162;W03;253078;;01/03/2018
M622;C0110;347937;;01/03/2018
M032;AC05;317515;;01/03/2018
M982;K202;312596;;01/03/2018
KA02;H154;298288;;01/03/2018
M612;AB126;288837;;01/03/2018
M612;H101;288837;;01/03/2018
M982;W230;311781;;01/03/2018
M982;S216;311016;;01/03/2018
M722;X10;284882;;01/03/2018
K242;Y11;305525;;01/03/2018
K672;S10;252533;;01/03/2018
L992;X12;268836;;01/03/2018
M722;B04;278807;;01/04/2018
K31X;N168;315780;;01/04/2018
M562;U114;299252;;01/04/2018
KA02;B124;298217;;01/04/2018
K672;Q04;343571;;01/04/2018
KA02;H155;298306;;01/04/2018
M982;F106;310551;;01/04/2018
M512;M121;317929;;01/04/2018
M562;G103;313365;;01/04/2018
M562;O103;334235;;01/04/2018
KA02;X102;300116;;01/04/2018
KA02;B128;299919;;01/04/2018
M562;U124;315101;;01/04/2018
M512;N119;307101;;01/04/2018
M982;B226;316040;;01/05/2018
M722;L11;284819;;01/05/2018
M982;I123;312005;;01/05/2018
KA02;K117;321801;;01/05/2018
L74X;V14;183416;;01/05/2018
M722;F08;277932;;01/05/2018
M162;D10;249888;;01/05/2018
M462;U01;291493;;01/05/2018
M982;X217;312029;;01/05/2018
M162;M02;250074;;01/05/2018
M562;R120;345162;;01/05/2018
M512;E102;282874;;01/05/2018
M562;U110;333209;;01/05/2018
M562;N102;299670;;01/05/2018
M562;N101;299670;;01/05/2018
M622;J02;341680;;01/05/2018
M622;J01;341680;;01/05/2018
M162;C21;252724;;01/05/2018
M162;C20;252724;;01/05/2018
M982;B105;310907;;01/05/2018
M982;L210;310531;;01/05/2018
M982;O113;310531;;01/05/2018
M252;Q2008;326643;;01/05/2018
L992;E20;348419;;01/05/2018
KA02;H126;299269;;01/05/2018
M482;G119;287469;;01/06/2018
M562;D112;313614;;01/06/2018
M982;Q221;311041;;01/06/2018
M562;Z136;312490;;01/06/2018
M612;W106;10818;;01/06/2018
KB82;K414;324167;;01/06/2018
KF02;C320;318815;;01/06/2018
M172;J118;295651;;01/06/2018
M172;C01102;295651;;01/06/2018
K20X;A103;65941;;01/06/2018
M512;S101;282640;;01/06/2018
M252;Q1828;324432;;01/06/2018
M562;Q110;345138;;01/06/2018
K73X;K19;196890;;01/06/2018
M982;C121;311442;;01/06/2018
KF02;A305;318732;;01/06/2018
L992;O18;345432;;01/06/2018
M982;E131;310515;;01/06/2018
M412;T02;251462;;01/06/2018
K272;Y05;229146;;01/07/2018
M982;G115;312884;;01/07/2018
M982;O209;312884;;01/07/2018
M982;N118;311806;;01/07/2018
M982;D125;311293;;01/07/2018
M512;J119;324041;;01/07/2018
M982;D118;312313;;01/07/2018
M482;S124;287644;;01/07/2018
K60X;C204;246570;;01/07/2018
M982;E206;311857;;01/07/2018
KB82;F401;326303;;01/07/2018
KA02;A103;298079;;01/07/2018
M982;D215;311288;;01/07/2018
M162;R21;338955;;01/07/2018
KA02;C148;298131;;01/07/2018
M512;N101;303648;;01/07/2018
M562;D101;300171;;01/07/2018
M562;D102;300171;;01/07/2018
M722;K02;325119;;01/07/2018
L32X;B724;176494;;01/07/2018
M622;R07;265107;;01/08/2018
M032;AB09;276363;;01/08/2018
L902;F06;345230;;01/08/2018
K272;L23;349021;;01/08/2018
KF02;C319;335413;;01/08/2018
KF02;D317;335413;;01/08/2018
KA02;D142;298436;;01/08/2018
M982;N117;346129;;01/08/2018
M512;X115;282841;;01/08/2018
L36X;E06;334919;;01/08/2018
KB82;M414;326797;;01/08/2018
KA02;V106;335862;;01/09/2018
M512;D103;282668;;01/09/2018
M482;U103;286878;;01/09/2018
M982;G101;310542;;01/09/2018
M982;G102;310542;;01/09/2018
M252;Q2009;320036;;01/09/2018
KA02;X101;300072;;01/09/2018
KA02;D152;298825;;01/09/2018
M252;Q1706;344090;;01/09/2018
M562;A122;322664;;01/09/2018
M982;A234;310452;;01/09/2018
M982;D207;310452;;01/09/2018
KA02;B108;326149;;01/10/2018
M512;S116;313351;;01/10/2018
M982;P221;311952;;01/10/2018
M982;B140;311842;;01/11/2018
M612;AG116;323070;;01/11/2018
L32X;B921;259475;;01/11/2018
M512;X105;345907;;01/11/2018
K242;S18;345408;;01/11/2018
M982;Q114;313292;;01/11/2018
L992;E05;293203;;01/11/2018
M982;M246;311468;;01/11/2018
M482;R127;288640;;01/11/2018
KF02;C307;318762;;01/11/2018
KA02;K155;321683;;01/11/2018
KA02;K134;321683;;01/11/2018
KA02;A107;298084;;01/12/2018
KA02;Y109;344644;;01/12/2018
KA02;Z132;332253;;01/12/2018
M562;N115;299318;;01/12/2018
M562;N116;299318;;01/12/2018
M612;AB121;284898;;01/12/2018
M722;AB12;279341;;01/01/2019
KB82;B425;342886;;01/01/2019
M482;L116;287931;;01/01/2019
M012;O318;259056;;01/01/2019
K242;R01;304353;;01/01/2019
K242;R23;304353;;01/01/2019
K98X;L226;272952;;01/01/2019
L32X;B205;346411;;01/01/2019
M982;D131;311279;;01/01/2019
KF02;A304;333578;;01/01/2019
M612;P122;246287;;01/02/2019
K672;K09;252396;;01/02/2019
K272;AB19;324643;;01/02/2019
M482;V112;288556;;01/02/2019
K98X;E233;316754;;01/02/2019
L992;I15;326201;;01/02/2019
KA02;K115;344607;;01/02/2019
KB82;E406;342016;;01/02/2019
KB82;N442;326782;;01/04/2019
K19X;C03;191391;;01/08/2015
M762;C104;292412;;01/08/2015
M632;Q0112;289155;;01/08/2015
L242;L08;244102;;01/09/2015
L242;L09;244102;;01/09/2015
L47X;I103;255340;;01/09/2015
L242;T09;244905;;01/09/2015
M692;AL10;267157;;01/09/2015
M330;E01;240913;;01/09/2015
K19X;A17;212935;;01/09/2015
M330;D09;240885;;01/09/2015
L242;S04;244837;;01/09/2015
M522;14A06;281611;;01/09/2015
L242;I10;273646;;01/09/2015
M082;C08;275939;;01/09/2015
M092;X03;250489;;01/09/2015
M092;X04;250489;;01/09/2015
M092;X05;250489;;01/09/2015
M762;V112;293376;;01/10/2015
L242;K25;303747;;01/10/2015
L110;O205;67222;;01/10/2015
M152;AA302;67222;;01/10/2015
M152;F306;67222;;01/10/2015
L242;L06;243879;;01/10/2015
L242;K08;243879;;01/10/2015
L110;O203;80754;;01/11/2015
K19X;E03;159427;;01/11/2015
M692;AI06;265785;;01/12/2015
M522;13A12;305933;;01/12/2015
K19X;K07;159584;;01/12/2015
K19X;H05;264755;;01/12/2015
K19X;D14;159357;;01/01/2016
K19X;X05;159357;;01/01/2016
M822;K412;293949;;01/01/2016
M192;E115;273149;;01/01/2016
L47X;G124;237774;;01/01/2016
M692;K09;259272;;01/02/2016
M692;T18;317431;;01/02/2016
K19X;X02;159394;;01/02/2016
M330;A02;240911;;01/02/2016
M692;X01;294433;;01/02/2016
M822;C0815;278701;;01/02/2016
M762;E107;292420;;01/02/2016
L242;O05;243892;;01/02/2016
L242;O04;243892;;01/02/2016
L242;Q31;266012;;01/02/2016
K232;C017;225695;;01/02/2016
M692;Q04;301675;;01/02/2016
M092;K11;281935;;01/02/2016
M092;P14;263705;;01/02/2016
M692;AI03;294472;;01/02/2016
M762;V116;292841;;01/02/2016
K232;K045;225529;;01/03/2016
M762;W111;293542;;01/03/2016
K232;K098;300056;;01/03/2016
M692;P19;270645;;01/03/2016
M082;N01;257880;;01/03/2016
K232;Z003;225512;;01/03/2016
M762;H122;293380;;01/03/2016
K19X;G15;159931;;01/03/2016
M082;H18;290319;;01/04/2016
M692;AI08;266488;;01/04/2016
M692;T11;294719;;01/04/2016
M152;AE303;244226;;01/04/2016
L220;Q09;279324;;01/04/2016
K232;B003;250598;;01/04/2016
K232;S015;225665;;01/04/2016
M152;AB316;243746;;01/04/2016
M952;K106;296308;;01/04/2016
K232;Q009;226869;;01/04/2016
M692;AB08;309493;;01/04/2016
L47X;G122;232032;;01/04/2016
M692;AH12;284417;;01/04/2016
K232;O023;225720;;01/04/2016
M762;E124;292467;;01/04/2016
K232;X007;225431;;01/04/2016
K232;X006;225431;;01/04/2016
K232;X004;225431;;01/04/2016
K232;X003;225431;;01/04/2016
M822;Y401;292113;;01/04/2016
M692;W08;293646;;01/05/2016
M092;M04;264786;;01/05/2016
M092;AE01;247671;;01/05/2016
M092;AE02;247671;;01/05/2016
M692;I10;293721;;01/05/2016
M762;S104;292640;;01/05/2016
K19X;R16;54850;;01/05/2016
M762;T116;292667;;01/05/2016
M762;F109;292471;;01/05/2016
K232;A065;145140;;01/05/2016
M152;C0701;243765;;01/05/2016
M522;16A06;285538;;01/05/2016
M692;S17;286591;;01/05/2016
M762;G128;292704;;01/06/2016
M092;L06;265161;;01/06/2016
M692;AH14;264249;;01/06/2016
L242;R21;243999;;01/06/2016
M762;C123;293411;;01/06/2016
M692;AL03;291535;;01/06/2016
M762;T102;293931;;01/06/2016
M092;S06;266138;;01/06/2016
M092;AC24;265004;;01/06/2016
M692;E13;291832;;01/06/2016
M692;T13;295341;;01/06/2016
M092;U01;265102;;01/06/2016
M092;U02;265102;;01/06/2016
M692;U11;228416;;01/06/2016
M322;Q1502;251489;;01/06/2016
M752;A122;289745;;01/06/2016
K872;L09;278020;;01/06/2016
K872;B20;278020;;01/06/2016
L47X;F120;270536;;01/06/2016
M692;AA03;322033;;01/06/2016
M322;Q0623;251551;;01/06/2016
M322;Q1518;265660;;01/06/2016
M822;S407;297538;;01/06/2016
KD26;O219;298820;;01/06/2016
M692;AG16;263676;;01/06/2016
M692;S11;243826;;01/06/2016
M692;A08;264544;;01/06/2016
M692;U09;264396;;01/07/2016
KD26;N205;299006;;01/07/2016
M632;Q0404;304907;;01/07/2016
M322;Q0511;252347;;01/07/2016
M632;Q0403;304907;;01/07/2016
K19X;S24;233599;;01/07/2016
M192;P103;272637;;01/07/2016
M762;V124;293230;;01/07/2016
M692;G13;294201;;01/07/2016
M522;16A17;268592;;01/07/2016
K19X;E11;159636;;01/07/2016
K232;U039;226476;;01/07/2016
M082;E04;297873;;01/07/2016
M192;D106;273053;;01/07/2016
M916;HA107;278583;;01/07/2016
M522;28A03;280415;;01/07/2016
L220;D09;258724;;01/07/2016
M192;I109;272284;;01/07/2016
M092;F18;275204;;01/07/2016
M092;F19;275204;;01/07/2016
L242;K28;245495;;01/07/2016
M692;AD10;279378;;01/07/2016
M692;AK01;281243;;01/07/2016
L242;P24;248539;;01/07/2016
L242;S26;243995;;01/07/2016
M992;J234;313488;;01/08/2016
L130;Q3802;243594;;01/08/2016
KF12;Z317;252296;;01/08/2016
KF12;Z316;252296;;01/08/2016
M092;F17;275140;;01/08/2016
L47X;E129;267858;;01/08/2016
M192;B108;274582;;01/08/2016
K872;D03;276642;;01/08/2016
KD26;P224;300548;;01/08/2016
L47X;K108;145071;;01/08/2016
M952;J112;296295;;01/08/2016
M192;R109;309309;;01/08/2016
KD26;W204;279778;;01/08/2016
K232;E1007;302700;;01/08/2016
K232;K094;225701;;01/08/2016
M692;S20;287576;;01/08/2016
M632;Q1212;288885;;01/08/2016
M632;Q1211;288885;;01/08/2016
M152;Z315;245424;;01/09/2016
KD26;P208;298708;;01/09/2016
M092;AC34;290547;;01/09/2016
K872;F17;279348;;01/09/2016
M522;17A16;269020;;01/09/2016
M916;CA109;276026;;01/09/2016
M762;R129;118314;;01/09/2016
M330;I16;297896;;01/09/2016
M916;G109;275804;;01/09/2016
M992;K222;312973;;01/09/2016
M632;Q1208;290742;;01/09/2016
M952;D113;296367;;01/09/2016
M952;K124;296275;;01/09/2016
KF86;D326;308414;;01/09/2016
KF86;D327;308414;;01/09/2016
KF86;D328;308414;;01/09/2016
M322;Q0808;251221;;01/09/2016
M632;Q1404;317940;;01/09/2016
M916;CA111;277145;;01/09/2016
M916;CA110;277145;;01/09/2016
L73X;420584;199934;;01/09/2016
KF86;D309;308348;;01/09/2016
M692;Q01;315242;;01/09/2016
K862;J13;276880;;01/09/2016
M916;FA118;276551;;01/09/2016
M916;HA103;276353;;01/09/2016
M692;D01;304933;;01/09/2016
L242;J34;270627;;01/09/2016
M692;B15;293766;;01/09/2016
L242;J01;244003;;01/09/2016
L242;I17;245837;;01/09/2016
M152;L302;243689;;01/10/2016
KD26;M212;298590;;01/10/2016
M752;D129;290173;;01/10/2016
M752;D133;290173;;01/10/2016
M952;L102;296377;;01/10/2016
M092;Q06;263506;;01/10/2016
K232;K059;225129;;01/10/2016
K232;K060;225129;;01/10/2016
M992;N110;313491;;01/10/2016
M192;H113;272569;;01/10/2016
M322;Q1720;252467;;01/10/2016
M916;M122;277176;;01/10/2016
M992;G219;314592;;01/10/2016
M992;H220;313347;;01/10/2016
M992;G236;313240;;01/10/2016
M092;E08;276092;;01/10/2016
M522;7A12;291727;;01/10/2016
K232;I008;292637;;01/10/2016
M322;Q0535;252413;;01/10/2016
M916;JA106;302430;;01/10/2016
M752;L103;290330;;01/10/2016
M152;A301;290096;;01/10/2016
M762;B109;292911;;01/10/2016
M092;T03;268505;;01/10/2016
L220;J19;222824;;01/10/2016
M916;WA103;81966;;01/10/2016
M916;TA101;276335;;01/10/2016
M916;TA124;276335;;01/10/2016
M192;H106;273732;;01/10/2016
M752;G109;289833;;01/10/2016
M322;Q1103;196700;;01/10/2016
K97X;Q0807;196700;;01/10/2016
M992;D122;313009;;01/10/2016
M752;A123;289748;;01/10/2016
L220;B12;271748;;01/10/2016
L40X;16C06;291674;;01/10/2016
M692;H11;266563;;01/10/2016
M692;I04;326934;;01/10/2016
M692;AF10;284165;;01/10/2016
M692;R04;263704;;01/10/2016
M692;E17;294763;;01/10/2016
L242;G23;245481;;01/10/2016
M762;T106;292568;;01/10/2016
M762;T105;292568;;01/10/2016
M762;E123;292928;;01/10/2016
M762;A105;292901;;01/10/2016
M762;X105;292808;;01/10/2016
M762;Z109;292517;;01/10/2016
M752;B126;290165;;01/11/2016
KD26;W215;298600;;01/11/2016
K19X;B17;291591;;01/11/2016
K19X;B18;291591;;01/11/2016
M916;QA101;278221;;01/11/2016
KF86;FA303;321394;;01/11/2016
KD26;Q205;299379;;01/11/2016
M992;L118;312299;;01/11/2016
M092;S21;263581;;01/11/2016
M092;S22;263581;;01/11/2016
M330;L06;266803;;01/11/2016
M822;X404;277694;;01/11/2016
M752;N124;290359;;01/11/2016
M322;Q1802;296937;;01/11/2016
K232;I014;199601;;01/11/2016
L220;U03;214947;;01/11/2016
L242;I07;243766;;01/11/2016
M692;AB12;263651;;01/11/2016
M762;F111;292473;;01/11/2016
M762;G135;292903;;01/11/2016
M752;E127;290420;;01/12/2016
L47X;A103;285616;;01/12/2016
M422;L12;303554;;01/12/2016
M330;B08;315941;;01/12/2016
M092;C01;275023;;01/12/2016
M322;Q0412;250929;;01/12/2016
M992;H209;312870;;01/12/2016
M992;H208;312870;;01/12/2016
M916;O106;278093;;01/12/2016
M092;A24;275021;;01/12/2016
M322;Q1712;264519;;01/12/2016
M092;E12;277981;;01/12/2016
M092;I20;277981;;01/12/2016
M092;A20;277981;;01/12/2016
M092;A21;277981;;01/12/2016
M916;FA122;275533;;01/12/2016
L220;L04;237819;;01/12/2016
M632;Q1803;193941;;01/12/2016
M322;Q0923;251200;;01/12/2016
M322;Q1427;252252;;01/12/2016
M632;Q0217;291206;;01/12/2016
L220;D10;266311;;01/12/2016
M632;Q1606;320493;;01/12/2016
M322;Q2217;251841;;01/12/2016
M322;Q2023;251098;;01/12/2016
L73X;330344;325592;;01/12/2016
L242;J08;305484;;01/12/2016
M762;S101;322795;;01/12/2016
M322;Q1922;297588;;01/01/2017
M916;TA121;295280;;01/01/2017
L73X;440220;243274;;01/01/2017
M916;JA111;275889;;01/01/2017
M192;E116;281239;;01/01/2017
M916;TA104;319020;;01/01/2017
M916;XA116;299725;;01/01/2017
M916;D112;275737;;01/01/2017
M916;U115;275737;;01/01/2017
M916;U111;275737;;01/01/2017
M916;U116;275737;;01/01/2017
M632;Q1004;320489;;01/01/2017
M632;Q1003;320489;;01/01/2017
M916;XA117;299873;;01/01/2017
M916;MA102;320329;;01/01/2017
L242;I37;244199;;01/01/2017
M082;O05;292117;;01/02/2017
M322;Q1029;251421;;01/02/2017
M632;Q1005;320337;;01/02/2017
L220;B17;294235;;01/02/2017
M822;X409;243533;;01/02/2017
M752;O141;290566;;01/02/2017
M916;GA125;277675;;01/02/2017
M692;N01;302864;;01/02/2017
M692;O07;305256;;01/02/2017
M692;T09;293373;;01/02/2017
L242;Q03;243887;;01/02/2017
M692;U14;293835;;01/02/2017
M762;B123;292875;;01/02/2017
M762;T123;292681;;01/02/2017
M082;A34;295320;;01/03/2017
M992;I202;312438;;01/03/2017
M092;J01;263564;;01/03/2017
M092;AC10;263564;;01/03/2017
M092;AC11;263564;;01/03/2017
M692;N17;307870;;01/03/2017
L242;Q32;245488;;01/03/2017
M692;J04;324156;;01/03/2017
L242;K21;267087;;01/03/2017
M692;I02;325803;;01/03/2017
M692;G04;326143;;01/03/2017
L242;I19;244116;;01/03/2017
L242;P34;331608;;01/03/2017
M692;P13;264472;;01/03/2017
M692;AL08;294379;;01/03/2017
M692;P16;243830;;01/03/2017
M762;H120;293119;;01/03/2017
M762;X109;292968;;01/03/2017
M762;S105;292548;;01/03/2017
L242;I13;285225;;01/03/2017
M422;A05;273270;;01/04/2017
KF86;GA325;308486;;01/04/2017
M632;Q0518;288903;;01/04/2017
M916;G110;275803;;01/04/2017
M092;G08;276004;;01/04/2017
M092;C17;284686;;01/04/2017
KD26;X220;300161;;01/04/2017
M632;Q1516;288978;;01/04/2017
M952;G108;296371;;01/04/2017
M192;H115;272570;;01/04/2017
M192;H116;272570;;01/04/2017
KF86;I306;308250;;01/04/2017
KF86;O314;313656;;01/04/2017
M322;Q0918;253370;;01/04/2017
M192;U125;322181;;01/04/2017
KF86;PA320;308429;;01/04/2017
KF86;PA321;308429;;01/04/2017
M692;P05;307172;;01/04/2017
M762;I118;292547;;01/04/2017
M762;G116;292846;;01/04/2017
M692;AF05;294410;;01/04/2017
M692;AB02;320655;;01/04/2017
M916;EA116;301092;;01/05/2017
M916;EA117;277819;;01/05/2017
M192;O107;274357;;01/05/2017
M916;V107;275884;;01/05/2017
M916;LA105;276368;;01/05/2017
M152;R319;67961;;01/05/2017
M152;C0615;67961;;01/05/2017
M192;F121;301830;;01/05/2017
M192;F122;301830;;01/05/2017
M822;A404;277843;;01/05/2017
M992;A211;312653;;01/05/2017
M992;I227;312653;;01/05/2017
M192;W109;311383;;01/05/2017
M692;V05;317146;;01/05/2017
L242;T08;244555;;01/05/2017
M692;Z07;317148;;01/05/2017
M762;E119;292460;;01/05/2017
M762;G102;253904;;01/05/2017
M762;AA115;322592;;01/05/2017
M762;U114;131285;;01/05/2017
M762;Y104;292938;;01/05/2017
M762;Z103;292513;;01/05/2017
M762;AA117;292543;;01/05/2017
M762;R104;246042;;01/05/2017
M822;W415;276907;;01/06/2017
M916;P111;305193;;01/06/2017
M992;D202;313192;;01/06/2017
M916;L113;275527;;01/06/2017
M422;K06;272860;;01/06/2017
M916;V114;310472;;01/06/2017
M952;A114;297291;;01/06/2017
KD26;F224;298851;;01/06/2017
M992;G209;314909;;01/06/2017
M992;G211;314909;;01/06/2017
M916;WA109;284864;;01/06/2017
M952;L125;296319;;01/06/2017
M992;D226;312776;;01/06/2017
M992;D218;312776;;01/06/2017
M992;D227;312776;;01/06/2017
M992;M118;344172;;01/06/2017
KD26;T222;299858;;01/06/2017
M192;B104;275265;;01/06/2017
M322;Q1630;251064;;01/06/2017
M632;Q1412;251064;;01/06/2017
M692;F02;268666;;01/06/2017
M762;V106;292798;;01/06/2017
M916;A118;276319;;01/07/2017
M330;G07;339541;;01/07/2017
K232;K066;226457;;01/07/2017
M632;Q1812;290608;;01/07/2017
KD26;N207;298028;;01/07/2017
KF86;M312;331087;;01/07/2017
M822;L415;276923;;01/07/2017
M992;E234;313466;;01/07/2017
M762;X119;292469;;01/07/2017
M192;T122;323225;;01/08/2017
M082;D14;294288;;01/08/2017
KF86;KA306;321140;;01/08/2017
KF86;KA307;321140;;01/08/2017
KD26;J225;298864;;01/08/2017
M992;I233;313649;;01/08/2017
M992;C138;312347;;01/08/2017
M762;W101;293413;;01/08/2017
M762;Y110;292934;;01/08/2017
M762;C109;292792;;01/08/2017
M762;E120;292464;;01/08/2017
M152;AB317;243563;;01/09/2017
M992;L122;314278;;01/09/2017
M992;C127;312743;;01/09/2017
KH02;J208;344330;;01/09/2017
M192;O108;272265;;01/09/2017
L220;E09;220987;;01/09/2017
M692;N15;344874;;01/09/2017
M992;D211;312680;;01/10/2017
M692;I07;325117;;01/10/2017
M916;UA116;302057;;01/10/2017
M692;C13;291827;;01/10/2017
M992;C202;343273;;01/10/2017
M992;A214;312656;;01/10/2017
KN06;M510;344215;;01/10/2017
M762;S125;292834;;01/10/2017
M992;K218;314197;;01/10/2017
M692;AL07;300371;;01/10/2017
M992;E114;313419;;01/10/2017
KF86;JA304;309019;;01/10/2017
KF86;JA305;309019;;01/10/2017
KG92;F206;326915;;01/10/2017
L220;A18;256558;;01/11/2017
M092;I16;276170;;01/11/2017
M752;O106;345938;;01/11/2017
K19X;A07;300700;;01/11/2017
K19X;I26;300700;;01/11/2017
K19X;I22;300700;;01/11/2017
K19X;G29;300700;;01/11/2017
K19X;G27;300700;;01/11/2017
K19X;F16;300700;;01/11/2017
K19X;F15;300700;;01/11/2017
K19X;D19;300700;;01/11/2017
K19X;E22;300700;;01/11/2017
K19X;D07;300700;;01/11/2017
M916;A120;277104;;01/11/2017
KD26;D223;299233;;01/11/2017
M692;E10;294535;;01/11/2017
K232;C1012;345925;;01/11/2017
M952;B106;296327;;01/11/2017
M752;O108;290262;;01/11/2017
M752;B125;290278;;01/11/2017
M322;Q2114;193666;;01/12/2017
M152;AE304;243653;;01/12/2017
M152;AE306;243653;;01/12/2017
M152;AE307;243653;;01/12/2017
M322;Q0604;250859;;01/12/2017
KF86;FA329;309026;;01/12/2017
L242;C10;345846;;01/01/2018
KD26;W220;298024;;01/01/2018
M992;D213;312665;;01/01/2018
M632;Q0711;290001;;01/01/2018
L220;L22;302622;;01/01/2018
KD26;N232;298623;;01/01/2018
M992;C206;313565;;01/01/2018
M916;M102;275890;;01/01/2018
M992;C137;312349;;01/01/2018
KF86;S301;313578;;01/02/2018
M692;J09;263699;;01/02/2018
KF86;L311;347335;;01/02/2018
L242;M03;286675;;01/02/2018
M092;V15;344688;;01/02/2018
M322;Q2103;252923;;01/02/2018
M916;R109;340526;;01/03/2018
M992;F110;314900;;01/03/2018
L73X;121262;255393;;01/03/2018
M692;B14;293705;;01/03/2018
M992;M112;312295;;01/04/2018
KN06;D507;344239;;01/04/2018
KD26;P204;299936;;01/04/2018
M992;F109;312931;;01/04/2018
M092;O14;271623;;01/04/2018
KF86;NA311;335807;;01/04/2018
M632;Q0904;346851;;01/04/2018
KF86;CA304;345808;;01/04/2018
M916;RA122;279760;;01/05/2018
KF86;Z335;309187;;01/06/2018
KF86;IA324;308452;;01/06/2018
L220;J31;236984;;01/06/2018
M992;B132;313107;;01/06/2018
M762;H102;292530;;01/06/2018
M762;H103;292531;;01/06/2018
M916;T101;277234;;01/06/2018
KD26;B203;299159;;01/06/2018
M916;E113;276082;;01/07/2018
K232;U027;345049;;01/07/2018
M692;O13;294756;;01/07/2018
M916;M124;279191;;01/07/2018
M692;AE03;337499;;01/07/2018
M992;C109;313391;;01/07/2018
KD26;T217;298823;;01/07/2018
M632;Q1415;349103;;01/07/2018
M952;C110;302294;;01/07/2018
KD26;T218;298823;;01/07/2018
M992;K207;312424;;01/07/2018
K872;L01;277132;;01/07/2018
KD26;DA202;298014;;01/07/2018
M092;AJ11;347068;;01/08/2018
KD26;CA204;300320;;01/08/2018
M692;AD07;305267;;01/08/2018
M916;L114;275567;;01/09/2018
M916;N120;275504;;01/09/2018
L242;N11;244155;;01/09/2018
KF86;MA324;315079;;01/09/2018
KD26;J217;298557;;01/09/2018
M192;L108;273633;;01/09/2018
KF86;PA303;308424;;01/09/2018
M092;AQ26;249459;;01/10/2018
M992;H219;312841;;01/10/2018
M992;A208;313490;;01/10/2018
M952;L130;325733;;01/11/2018
M992;M114;313519;;01/11/2018
KF86;M308;332100;;01/11/2018
KD26;BA204;298654;;01/12/2018
K872;B15;276831;;01/01/2019
KF86;CA310;346020;;01/01/2019
M992;K219;349208;;01/01/2019
M330;E20;320617;;01/01/2019
M916;LA115;276202;;01/01/2019
M992;F203;314617;;01/01/2019
M992;F202;314617;;01/01/2019
M916;LA116;276202;;01/01/2019
KG92;O219;345899;;01/01/2019
M992;K114;314306;;01/02/2019
L220;D121;299375;;01/02/2019
M992;E107;312998;;01/02/2019
L242;K28;344305;;01/02/2019
KF86;NA326;315330;;01/02/2019
M992;G212;312792;;01/03/2019
